{
  "dimensions": [
    0.2,
    0.38,
    0.56,
    0.74,
    0.9199999999999999,
    1.0999999999999999,
    1.28,
    1.46,
    1.64,
    1.8199999999999998,
    2.0
  ],
  "phases": [
    0.0,
    0.6283185307179586,
    1.2566370614359172,
    1.8849555921538759,
    2.5132741228718345,
    3.1415926535897927,
    3.7699111843077517,
    4.39822971502571,
    5.026548245743669,
    5.654866776461627,
    6.283185307179586
  ],
  "library_source": "synthetic",
  "num_points": 11
}